Date,Student Name,Task Description,Status,Remarks
4/3/2025,Martha Shirguri,Set up Django environment,Completed,
4/3/2025,Neha Khot,Design database schema (SQL),Completed,
5/3/2025,Martha Shirguri,Implement user authentication,Completed,
5/3/2025,Neha Khot,Create models and migrations,Completed,
6/3/2025,Martha Shirguri,Develop product management page,Completed,
6/3/2025,Neha Khot,Database contectivity for web application,Completed,
7/3/2025,Martha Shirguri,create Admin panel html page,Completed,
7/3/2025,Neha Khot,create faculity panel html page,Completed,
8/3/2025,Martha Shirguri,Create admin panel models,Completed,
8/3/2025,Neha Khot,Create Faculity Panel model,Completed,
10/3/2025,Martha Shirguri,Create a  page for add faculity,Completed,
10/3/2025,Neha Khot,Develop co statement functionality in Faculity Panel,Completed,
11/3/2025,Martha Shirguri,Create and Delete Operation for Add faculity,Completed,
11/3/2025,Neha Khot,Develop CO-PO mapping functionality in Faculity Panel,Completed,
12/3/2025,Martha Shirguri,Create Page for Class Master,Completed,
12/3/2025,Neha Khot,Create models and migrations  for co statement,Completed,
13/3/2025,Martha Shirguri,CRUD operation for class Master ,Completed,
13/3/2025,Neha Khot,Develop the html page for assessment,Completed,
14/3/2025,Martha Shirguri,Create Page for Assessment Name,Completed,
14/3/2025,Neha Khot,Develop model and migration for assessment ,Completed,
15/3/2025,Martha Shirguri,"CRUD ,Model and migration for Assessment name",Completed,
15/3/2025,Neha Khot,Create models and migrations for question Bank,Completed,
17/3/2025,Martha Shirguri,Create Page for Assessment type,Completed,
17/3/2025,Neha Khot,Develop html page for question paper,Completed,
18/3/2025,Martha Shirguri,"CRUD ,Model and migration for Assessment type",Completed,
18/3/2025,Neha Khot,Develop model and migration for student,Completed,
19/3/2025,Martha Shirguri,Develop the html page for CourseMaster ,Completed,
19/3/2025,Neha Khot,Create models and migrations for mark entry,Completed,
20/3/2025,Martha Shirguri,CRUD for  course master,Completed,
20/3/2025,Neha Khot,Resolving the errors in faculity panel,Completed,
21/3/2025,Martha Shirguri,create page for staff allotment ,Completed,
21/3/2025,Neha Khot,create a data Analysis buttons html,Completed,
22/3/2025,Martha Shirguri,Assigning Courses to particular faculity,Completed,
22/3/2025,Neha Khot,Create the page off course marks,Completed,
24/3/2025,Martha Shirguri,Create page for student data ,Completed,
24/3/2025,Neha Khot,Create html page for the co-tools,Completed,
25/3/2025,Martha Shirguri, CRUD  operation  for student data ,Completed,
25/3/2025,Neha Khot,Design a html page for course attaintement ,Completed,
26/3/2025,Martha Shirguri,Add the faculity for the login,Completed,
26/3/2025,Neha Khot,Create html page for the co summary,Completed,
27/3/2025,Martha Shirguri,Resolving the issue ,Completed,
27/3/2025,Neha Khot,Resolving the issue ,Completed,
28/3/2025,Martha Shirguri,fixing some errors in admin panel,Completed,
28/3/2025,Neha Khot,fixing some errors in faculity,Completed,
29/3/2025,Martha Shirguri,Test Admin Panel functionalities and bugs,Completed,
29/3/2025,Neha Khot,prepare user documentation for Faculty Panel ,Completed,
31/3/2025,Martha Shirguri,Fixed bugs identified in Admin Panel testing ,Completed,
31/3/2025,Neha Khot,Conduct user acceptance testing for faculity panel,Completed,
1/4/2025,Martha Shirguri,Gather feedback from users on Admin Panel,Completed,
1/4/2025,Neha Khot,Gather feedback from Admin on User  Panel,Completed,
2/4/2025,Martha Shirguri,Finalize Admin panel features and prepare for development ,Completed,
2/4/2025,Neha Khot,Deploy Faculity Panel to enevironment and testing,Completed,
3/4/2025,Martha Shirguri,Monitor Admin Panal Performance post-deployment ,Completed,
3/4/2025,Neha Khot,Collect data from admin panel to test faculity pages,Completed,
4/4/2025,Martha Shirguri,Collect feed back from faculity panel user.,Completed,
4/4/2025,Neha Khot,Collect feed back from admin panel user.,Completed,
5/4/2025,Martha Shirguri,Finalize Project,Completed,
5/4/2025,Neha Khot,Finalize Project,Completed,
